{"---------": {"4": 0.008390016000000002, "3": -0.032760000000000004, "5": -0.029844000000000002, "1": -0.019000000000000003, "6": -0.03268, "2": -0.032760000000000004, "null": 0.028390016000000004, "0": -0.04766400000000001, "8": -0.036000000000000004, "4": -0.0208979712, "3": -0.029520000000000005}, "----X----": {"3": -0.042156000000000006, "null": 0.046611200000000005, "0": -0.0017100000000000006, "1": -0.0017100000000000006, "2": -0.0017100000000000006, "5": -0.003420000000000001, "8": 0.0, "6": 0.0, "3": 0.003924, "null": 0.023924}, "---OX----": {"6": 0.0018000000000000006, "8": -0.019000000000000003, "null": 0.021800000000000003, "0": -0.036000000000000004}, "---OX-X--": {"1": 0.0, "null": 0.010000000000000002, "8": -0.036000000000000004}, "-O-OX-X--": {"2": -0.10900000000000001}, "O---X----": {"6": -0.03268}, "O---X-X--": {"3": 0.0, "null": 0.019000000000000003, "1": 0.0}, "O--OX-X--": {"2": -0.10900000000000001}, "OO--X-X--": {"2": -0.2688049}, "-O--X----": {"6": -0.019000000000000003, "5": -0.019000000000000003}, "-O--X-X--": {"2": 0.0, "null": 0.000514899999999997, "0": -0.026585100000000004}, "-OO-X-X--": {"0": -0.019000000000000003}, "XOO-X-X--": {"8": 0.0, "null": 0.010000000000000002}, "XOO-X-X-O": {"3": -0.10900000000000001}, "--O-X----": {"8": -0.019000000000000003, "3": -0.019000000000000003}, "--O-X---X": {"3": -0.03551220000000001, "null": -0.015512200000000004}, "--OOX---X": {"0": -0.21600000000000003}, "---X-----": {"6": 0.0, "null": 0.020000000000000004, "0": 0.0, "2": 0.0, "null": 0.020000000000000004}, "---X--O--": {"4": -0.019000000000000003}, "---XX-O--": {"1": 0.0, "null": 0.010000000000000002}, "-O-XX-O--": {"5": -0.10900000000000001}, "-O--XX---": {"2": 0.0, "null": 0.010000000000000002}, "-OO-XX---": {"3": -0.10900000000000001}, "--OXX----": {"1": 0.0, "null": 0.010000000000000002}, "-OOXX----": {"5": -0.10900000000000001}, "-----X---": {"8": 0.0, "null": 0.020000000000000004, "3": -0.022249000000000005, "7": 0.0}, "-----X--O": {"4": -0.019000000000000003}, "----XX--O": {"6": 0.0, "null": 0.010000000000000002}, "----XXO-O": {"3": -0.21600000000000003}, "---OX---X": {"2": -0.009810000000000003, "null": 0.00018999999999999852}, "----XO---": {"6": -0.032760000000000004, "8": -0.019000000000000003}, "----XOX--": {"2": 0.0, "null": 0.020000000000000004, "7": 0.0}, "--O-XOX--": {"8": -0.019000000000000003}, "--O-XOX-X": {"0": 0.0, "null": 0.010000000000000002}, "O-O-XOX-X": {"7": -0.10900000000000001}, "----XO--X": {"3": 0.0, "null": 0.010000000000000002}, "---OXO--X": {"6": -0.019000000000000003}, "---OXOX-X": {"0": 0.0, "null": 0.010000000000000002}, "O--OXOX-X": {"7": -0.10900000000000001}, "---O-X---": {"2": -0.016200000000000003, "null": 0.010900000000000002}, "--XO-X---": {"8": 0.0, "null": 0.010000000000000002, "6": -0.019000000000000003}, "--XO-X--O": {"0": -0.019000000000000003}, "X-XO-X--O": {"7": 0.0, "null": 0.010000000000000002}, "X-XO-X-OO": {"1": -0.10900000000000001}, "-X-------": {"8": 0.0, "null": 0.010000000000000002}, "-X------O": {"2": -0.019000000000000003}, "-XX-----O": {"4": 0.0, "null": 0.010000000000000002}, "-XX-O---O": {"0": -0.10900000000000001}, "------X--": {"1": -0.0015561000000000001, "null": 0.017443900000000002}, "-O----X--": {"4": -0.03143341}, "--X------": {"6": 0.0, "null": 0.020000000000000004, "7": 0.0}, "--X---O--": {"8": -0.019000000000000003}, "--X---O-X": {"4": 0.0, "null": 0.010000000000000002}, "--X-O-O-X": {"5": -0.10900000000000001}, "--XO-XO--": {"7": 0.0, "null": 0.010000000000000002}, "--XO-XOX-": {"0": -0.10900000000000001}, "X--------": {"4": -0.036000000000000004, "7": 0.0, "null": 0.020000000000000004}, "X---O----": {"1": 0.0, "null": 0.020000000000000004}, "XX--O----": {"2": -0.036000000000000004}, "XXO-O----": {"5": 0.0, "null": 0.020000000000000004}, "----XOXO-": {"2": -0.21600000000000003}, "----X---O": {"2": -0.036000000000000004}, "--X-X---O": {"1": 0.0, "null": 0.020000000000000004}, "-OX-X---O": {"6": -0.21600000000000003}, "X------O-": {"1": -0.036000000000000004}, "XX-----O-": {"8": 0.0, "null": 0.020000000000000004}, "XX-----OO": {"2": -0.21600000000000003}, "-----X-O-": {"3": -0.036000000000000004}, "---X-X-O-": {"4": 0.0, "null": 0.020000000000000004}, "---XOX-O-": {"8": -0.036000000000000004}, "---XOX-OX": {"0": 0.0, "null": 0.020000000000000004}, "O--XOX-OX": {"6": -0.036000000000000004}, "O--XOXXOX": {"1": 0.0, "null": 0.2}, "O--X-----": {"4": -0.036000000000000004}, "O--XX----": {"7": 0.0, "null": 0.020000000000000004}, "O--XX--O-": {"5": -0.21600000000000003}, "--X----O-": {"4": -0.036000000000000004}, "--X-X--O-": {"5": 0.0, "null": 0.020000000000000004}, "--X-XO-O-": {"3": -0.036000000000000004}, "--XXXO-O-": {"8": 0.0, "null": 0.020000000000000004}, "--XXXO-OO": {"0": -0.036000000000000004}, "X-XXXO-OO": {"1": 0.0, "null": 0.020000000000000004}, "XOXXXO-OO": {"6": -0.21600000000000003}, "--------X": {"2": 0.0, "null": 0.020000000000000004}, "--O-----X": {"4": -0.032760000000000004}, "----X-O--": {"5": -0.036000000000000004}, "----XXO--": {"8": -0.019620000000000005, "null": 0.00037999999999999704}, "---OX-X-O": {"1": 0.0, "null": 0.020000000000000004}, "-X-OX-X-O": {"0": -0.036000000000000004}, "OX-OX-X-O": {"2": 0.0, "null": 0.2}, "OXXOX-X-O": {"5": 0.184}, "OXXOXOX-O": {"7": 0.2}, "X--OX----": {"6": 0.0, "null": 0.020000000000000004}, "X--OX-O--": {"8": -0.21600000000000003}, "X--OX-O-X": {"2": -0.2}, "X-OOX-O-X": {"7": -0.21600000000000003}, "X-OOX-OXX": {"1": 0.0, "5": -0.2}}